{
  "created_at": "2026-05-14T00:39:05.339832+00:00",
  "train_name": "train_leave_out_m4",
  "best_model_name": "random_forest",
  "selection_metric": "auprc>auroc>f1",
  "n_train": 5876,
  "n_dev": 734,
  "n_features": 276,
  "dev_metrics": {
    "model": "random_forest",
    "positive_class_rate": 0.6089918256130791,
    "mean_ai_probability_human": 0.10040650406504066,
    "mean_ai_probability_ai": 0.9257792692020881,
    "auroc": 0.9963987559338681,
    "auprc": 0.9975793663004825,
    "accuracy": 0.9754768392370572,
    "balanced_accuracy": 0.9767478115816632,
    "precision": 0.9886104783599089,
    "recall": 0.970917225950783,
    "tpr": 0.970917225950783,
    "specificity": 0.9825783972125436,
    "tnr": 0.9825783972125436,
    "f1": 0.9796839729119639,
    "mcc": 0.9490085947657837,
    "fpr": 0.017421602787456445,
    "fnr": 0.029082774049217,
    "tpr_at_fpr_1pct": 0.9060402684563759,
    "tpr_at_fpr_5pct": 0.9798657718120806,
    "tpr_at_fpr_10pct": 0.9955257270693513,
    "fpr_at_tpr_90pct": 0.006968641114982578,
    "fpr_at_tpr_95pct": 0.010452961672473868,
    "brier_score": 0.027118165304268846,
    "expected_calibration_error": 0.05207992733878299,
    "ECE": 0.05207992733878299,
    "log_loss": 0.10728054414780014
  },
  "candidate_dev_metrics": [
    {
      "model": "logistic_regression",
      "positive_class_rate": 0.6089918256130791,
      "mean_ai_probability_human": 0.0448706983187485,
      "mean_ai_probability_ai": 0.9426579885005211,
      "auroc": 0.9893911403160053,
      "auprc": 0.9932196442996375,
      "accuracy": 0.9645776566757494,
      "balanced_accuracy": 0.9659284895821154,
      "precision": 0.9816933638443935,
      "recall": 0.959731543624161,
      "tpr": 0.959731543624161,
      "specificity": 0.9721254355400697,
      "tnr": 0.9721254355400697,
      "f1": 0.9705882352941176,
      "mcc": 0.9264564922014421,
      "fpr": 0.027874564459930314,
      "fnr": 0.040268456375838924,
      "tpr_at_fpr_1pct": 0.8926174496644296,
      "tpr_at_fpr_5pct": 0.970917225950783,
      "tpr_at_fpr_10pct": 0.9798657718120806,
      "fpr_at_tpr_90pct": 0.010452961672473868,
      "fpr_at_tpr_95pct": 0.017421602787456445,
      "brier_score": 0.030269920194258195,
      "expected_calibration_error": 0.02523676265853434,
      "ECE": 0.02523676265853434,
      "log_loss": 0.1276546190862798
    },
    {
      "model": "random_forest",
      "positive_class_rate": 0.6089918256130791,
      "mean_ai_probability_human": 0.10040650406504066,
      "mean_ai_probability_ai": 0.9257792692020881,
      "auroc": 0.9963987559338681,
      "auprc": 0.9975793663004825,
      "accuracy": 0.9754768392370572,
      "balanced_accuracy": 0.9767478115816632,
      "precision": 0.9886104783599089,
      "recall": 0.970917225950783,
      "tpr": 0.970917225950783,
      "specificity": 0.9825783972125436,
      "tnr": 0.9825783972125436,
      "f1": 0.9796839729119639,
      "mcc": 0.9490085947657837,
      "fpr": 0.017421602787456445,
      "fnr": 0.029082774049217,
      "tpr_at_fpr_1pct": 0.9060402684563759,
      "tpr_at_fpr_5pct": 0.9798657718120806,
      "tpr_at_fpr_10pct": 0.9955257270693513,
      "fpr_at_tpr_90pct": 0.006968641114982578,
      "fpr_at_tpr_95pct": 0.010452961672473868,
      "brier_score": 0.027118165304268846,
      "expected_calibration_error": 0.05207992733878299,
      "ECE": 0.05207992733878299,
      "log_loss": 0.10728054414780014
    }
  ]
}
