{
  "created_at": "2026-05-14T00:39:11.645156+00:00",
  "train_name": "train_leave_out_hc3_plus",
  "best_model_name": "random_forest",
  "selection_metric": "auprc>auroc>f1",
  "n_train": 20918,
  "n_dev": 2638,
  "n_features": 276,
  "dev_metrics": {
    "model": "random_forest",
    "positive_class_rate": 0.8032600454890069,
    "mean_ai_probability_human": 0.1984328837508028,
    "mean_ai_probability_ai": 0.9487792984112001,
    "auroc": 0.9913663059519295,
    "auprc": 0.9979183899263748,
    "accuracy": 0.9636087945413192,
    "balanced_accuracy": 0.9351568204364402,
    "precision": 0.9728845254791959,
    "recall": 0.9820670127418594,
    "tpr": 0.9820670127418594,
    "specificity": 0.8882466281310212,
    "tnr": 0.8882466281310212,
    "f1": 0.9774542038515736,
    "mcc": 0.8834241812591357,
    "fpr": 0.11175337186897881,
    "fnr": 0.01793298725814063,
    "tpr_at_fpr_1pct": 0.8900424728645587,
    "tpr_at_fpr_5pct": 0.9594148183105239,
    "tpr_at_fpr_10pct": 0.9745162812647475,
    "fpr_at_tpr_90pct": 0.011560693641618497,
    "fpr_at_tpr_95pct": 0.028901734104046242,
    "brier_score": 0.030361389099486148,
    "expected_calibration_error": 0.03280641900429629,
    "ECE": 0.03280641900429629,
    "log_loss": 0.1101020430940641
  },
  "candidate_dev_metrics": [
    {
      "model": "logistic_regression",
      "positive_class_rate": 0.8032600454890069,
      "mean_ai_probability_human": 0.10551264902671421,
      "mean_ai_probability_ai": 0.8993390916378317,
      "auroc": 0.9791190995134397,
      "auprc": 0.9949316245018291,
      "accuracy": 0.922289613343442,
      "balanced_accuracy": 0.927622910796073,
      "precision": 0.9833333333333333,
      "recall": 0.9188296366210477,
      "tpr": 0.9188296366210477,
      "specificity": 0.9364161849710982,
      "tnr": 0.9364161849710982,
      "f1": 0.9499878019029031,
      "mcc": 0.7857684305953292,
      "fpr": 0.06358381502890173,
      "fnr": 0.08117036337895234,
      "tpr_at_fpr_1pct": 0.7975460122699386,
      "tpr_at_fpr_5pct": 0.8909863142991977,
      "tpr_at_fpr_10pct": 0.9433695139216611,
      "fpr_at_tpr_90pct": 0.05202312138728324,
      "fpr_at_tpr_95pct": 0.10789980732177264,
      "brier_score": 0.055928054276636795,
      "expected_calibration_error": 0.06009833206010985,
      "ECE": 0.06009833206010985,
      "log_loss": 0.20187001410488845
    },
    {
      "model": "random_forest",
      "positive_class_rate": 0.8032600454890069,
      "mean_ai_probability_human": 0.1984328837508028,
      "mean_ai_probability_ai": 0.9487792984112001,
      "auroc": 0.9913663059519295,
      "auprc": 0.9979183899263748,
      "accuracy": 0.9636087945413192,
      "balanced_accuracy": 0.9351568204364402,
      "precision": 0.9728845254791959,
      "recall": 0.9820670127418594,
      "tpr": 0.9820670127418594,
      "specificity": 0.8882466281310212,
      "tnr": 0.8882466281310212,
      "f1": 0.9774542038515736,
      "mcc": 0.8834241812591357,
      "fpr": 0.11175337186897881,
      "fnr": 0.01793298725814063,
      "tpr_at_fpr_1pct": 0.8900424728645587,
      "tpr_at_fpr_5pct": 0.9594148183105239,
      "tpr_at_fpr_10pct": 0.9745162812647475,
      "fpr_at_tpr_90pct": 0.011560693641618497,
      "fpr_at_tpr_95pct": 0.028901734104046242,
      "brier_score": 0.030361389099486148,
      "expected_calibration_error": 0.03280641900429629,
      "ECE": 0.03280641900429629,
      "log_loss": 0.1101020430940641
    }
  ]
}
