{
  "created_at": "2026-05-14T00:38:53.666039+00:00",
  "train_name": "train_combined_strict",
  "best_model_name": "random_forest",
  "selection_metric": "auprc>auroc>f1",
  "n_train": 21499,
  "n_dev": 2701,
  "n_features": 276,
  "dev_metrics": {
    "model": "random_forest",
    "positive_class_rate": 0.7997038134024436,
    "mean_ai_probability_human": 0.21100431300061614,
    "mean_ai_probability_ai": 0.9437993827160494,
    "auroc": 0.9894066201136441,
    "auprc": 0.9973228238016641,
    "accuracy": 0.9585338763420955,
    "balanced_accuracy": 0.9262755014718971,
    "precision": 0.9684354986276303,
    "recall": 0.9800925925925926,
    "tpr": 0.9800925925925926,
    "specificity": 0.8724584103512015,
    "tnr": 0.8724584103512015,
    "f1": 0.9742291762540267,
    "mcc": 0.8685947187800848,
    "fpr": 0.12754158964879853,
    "fnr": 0.01990740740740741,
    "tpr_at_fpr_1pct": 0.8675925925925926,
    "tpr_at_fpr_5pct": 0.9546296296296296,
    "tpr_at_fpr_10pct": 0.975,
    "fpr_at_tpr_90pct": 0.018484288354898338,
    "fpr_at_tpr_95pct": 0.04251386321626617,
    "brier_score": 0.03335979266938171,
    "expected_calibration_error": 0.035112921140318394,
    "ECE": 0.035112921140318394,
    "log_loss": 0.11998915492556021
  },
  "candidate_dev_metrics": [
    {
      "model": "logistic_regression",
      "positive_class_rate": 0.7997038134024436,
      "mean_ai_probability_human": 0.10909866422029099,
      "mean_ai_probability_ai": 0.8918202148883592,
      "auroc": 0.9768612651468475,
      "auprc": 0.9941510954664996,
      "accuracy": 0.918918918918919,
      "balanced_accuracy": 0.9236744369138085,
      "precision": 0.9816377171215881,
      "recall": 0.9157407407407407,
      "tpr": 0.9157407407407407,
      "specificity": 0.9316081330868762,
      "tnr": 0.9316081330868762,
      "f1": 0.9475449101796407,
      "mcc": 0.7790909895724477,
      "fpr": 0.06839186691312385,
      "fnr": 0.08425925925925926,
      "tpr_at_fpr_1pct": 0.775,
      "tpr_at_fpr_5pct": 0.8935185185185185,
      "tpr_at_fpr_10pct": 0.9407407407407408,
      "fpr_at_tpr_90pct": 0.051756007393715345,
      "fpr_at_tpr_95pct": 0.11829944547134935,
      "brier_score": 0.05923556791283686,
      "expected_calibration_error": 0.06465974028062443,
      "ECE": 0.06465974028062443,
      "log_loss": 0.2130689842662816
    },
    {
      "model": "random_forest",
      "positive_class_rate": 0.7997038134024436,
      "mean_ai_probability_human": 0.21100431300061614,
      "mean_ai_probability_ai": 0.9437993827160494,
      "auroc": 0.9894066201136441,
      "auprc": 0.9973228238016641,
      "accuracy": 0.9585338763420955,
      "balanced_accuracy": 0.9262755014718971,
      "precision": 0.9684354986276303,
      "recall": 0.9800925925925926,
      "tpr": 0.9800925925925926,
      "specificity": 0.8724584103512015,
      "tnr": 0.8724584103512015,
      "f1": 0.9742291762540267,
      "mcc": 0.8685947187800848,
      "fpr": 0.12754158964879853,
      "fnr": 0.01990740740740741,
      "tpr_at_fpr_1pct": 0.8675925925925926,
      "tpr_at_fpr_5pct": 0.9546296296296296,
      "tpr_at_fpr_10pct": 0.975,
      "fpr_at_tpr_90pct": 0.018484288354898338,
      "fpr_at_tpr_95pct": 0.04251386321626617,
      "brier_score": 0.03335979266938171,
      "expected_calibration_error": 0.035112921140318394,
      "ECE": 0.035112921140318394,
      "log_loss": 0.11998915492556021
    }
  ]
}
