{
  "created_at": "2026-05-14T00:38:44.129379+00:00",
  "train_name": "train_m4",
  "best_model_name": "random_forest",
  "selection_metric": "auprc>auroc>f1",
  "n_train": 15623,
  "n_dev": 1967,
  "n_features": 276,
  "dev_metrics": {
    "model": "random_forest",
    "positive_class_rate": 0.8708693441789527,
    "mean_ai_probability_human": 0.22064304461942258,
    "mean_ai_probability_ai": 0.9663125121618993,
    "auroc": 0.9929062610606249,
    "auprc": 0.9989505552220195,
    "accuracy": 0.9689883070665989,
    "balanced_accuracy": 0.9168068636779423,
    "precision": 0.977456647398844,
    "recall": 0.9871570344424986,
    "tpr": 0.9871570344424986,
    "specificity": 0.8464566929133859,
    "tnr": 0.8464566929133859,
    "f1": 0.9822828928260238,
    "mcc": 0.8587429267134108,
    "fpr": 0.15354330708661418,
    "fnr": 0.01284296555750146,
    "tpr_at_fpr_1pct": 0.9136018680677175,
    "tpr_at_fpr_5pct": 0.9678925861062464,
    "tpr_at_fpr_10pct": 0.9813193228254524,
    "fpr_at_tpr_90pct": 0.003937007874015748,
    "fpr_at_tpr_95pct": 0.023622047244094488,
    "brier_score": 0.022526707337739364,
    "expected_calibration_error": 0.01894763599389926,
    "ECE": 0.01894763599389926,
    "log_loss": 0.08120134091818895
  },
  "candidate_dev_metrics": [
    {
      "model": "logistic_regression",
      "positive_class_rate": 0.8708693441789527,
      "mean_ai_probability_human": 0.08550635748530935,
      "mean_ai_probability_ai": 0.9235820760510324,
      "auroc": 0.9875155710614982,
      "auprc": 0.9981759928805667,
      "accuracy": 0.9415353329944077,
      "balanced_accuracy": 0.9429605012158069,
      "precision": 0.991389913899139,
      "recall": 0.9410391126678342,
      "tpr": 0.9410391126678342,
      "specificity": 0.9448818897637795,
      "tnr": 0.9448818897637795,
      "f1": 0.9655585504642108,
      "mcc": 0.7847893074187826,
      "fpr": 0.05511811023622047,
      "fnr": 0.05896088733216579,
      "tpr_at_fpr_1pct": 0.8890834792761237,
      "tpr_at_fpr_5pct": 0.9363689433741973,
      "tpr_at_fpr_10pct": 0.9597197898423818,
      "fpr_at_tpr_90pct": 0.011811023622047244,
      "fpr_at_tpr_95pct": 0.06299212598425197,
      "brier_score": 0.04344247984876569,
      "expected_calibration_error": 0.05550853529400755,
      "ECE": 0.05550853529400755,
      "log_loss": 0.16094432744263407
    },
    {
      "model": "random_forest",
      "positive_class_rate": 0.8708693441789527,
      "mean_ai_probability_human": 0.22064304461942258,
      "mean_ai_probability_ai": 0.9663125121618993,
      "auroc": 0.9929062610606249,
      "auprc": 0.9989505552220195,
      "accuracy": 0.9689883070665989,
      "balanced_accuracy": 0.9168068636779423,
      "precision": 0.977456647398844,
      "recall": 0.9871570344424986,
      "tpr": 0.9871570344424986,
      "specificity": 0.8464566929133859,
      "tnr": 0.8464566929133859,
      "f1": 0.9822828928260238,
      "mcc": 0.8587429267134108,
      "fpr": 0.15354330708661418,
      "fnr": 0.01284296555750146,
      "tpr_at_fpr_1pct": 0.9136018680677175,
      "tpr_at_fpr_5pct": 0.9678925861062464,
      "tpr_at_fpr_10pct": 0.9813193228254524,
      "fpr_at_tpr_90pct": 0.003937007874015748,
      "fpr_at_tpr_95pct": 0.023622047244094488,
      "brier_score": 0.022526707337739364,
      "expected_calibration_error": 0.01894763599389926,
      "ECE": 0.01894763599389926,
      "log_loss": 0.08120134091818895
    }
  ]
}
