{
  "created_at": "2026-05-14T00:39:01.997207+00:00",
  "train_name": "train_leave_out_ghostbuster",
  "best_model_name": "random_forest",
  "selection_metric": "auprc>auroc>f1",
  "n_train": 16204,
  "n_dev": 2030,
  "n_features": 276,
  "dev_metrics": {
    "model": "random_forest",
    "positive_class_rate": 0.864039408866995,
    "mean_ai_probability_human": 0.25574879227053143,
    "mean_ai_probability_ai": 0.9571512732801216,
    "auroc": 0.9895125840728438,
    "auprc": 0.9983144618269661,
    "accuracy": 0.9640394088669951,
    "balanced_accuracy": 0.8998107844595377,
    "precision": 0.9708683473389356,
    "recall": 0.9880273660205245,
    "tpr": 0.9880273660205245,
    "specificity": 0.8115942028985508,
    "tnr": 0.8115942028985508,
    "f1": 0.9793727041537157,
    "mcc": 0.8413015389807594,
    "fpr": 0.18840579710144928,
    "fnr": 0.011972633979475485,
    "tpr_at_fpr_1pct": 0.8683010262257697,
    "tpr_at_fpr_5pct": 0.9555302166476625,
    "tpr_at_fpr_10pct": 0.9749144811858609,
    "fpr_at_tpr_90pct": 0.018115942028985508,
    "fpr_at_tpr_95pct": 0.03985507246376811,
    "brier_score": 0.027825796387520526,
    "expected_calibration_error": 0.0270952380952382,
    "ECE": 0.0270952380952382,
    "log_loss": 0.10016456695100187
  },
  "candidate_dev_metrics": [
    {
      "model": "logistic_regression",
      "positive_class_rate": 0.864039408866995,
      "mean_ai_probability_human": 0.09127322285989563,
      "mean_ai_probability_ai": 0.9079670918292467,
      "auroc": 0.9838939566704674,
      "auprc": 0.9974408728300159,
      "accuracy": 0.9295566502463054,
      "balanced_accuracy": 0.9378645910796027,
      "precision": 0.9914582062233069,
      "recall": 0.9264538198403649,
      "tpr": 0.9264538198403649,
      "specificity": 0.9492753623188406,
      "tnr": 0.9492753623188406,
      "f1": 0.9578544061302682,
      "mcc": 0.7611343149968894,
      "fpr": 0.050724637681159424,
      "fnr": 0.07354618015963511,
      "tpr_at_fpr_1pct": 0.8819840364880274,
      "tpr_at_fpr_5pct": 0.9236031927023945,
      "tpr_at_fpr_10pct": 0.9481185860889396,
      "fpr_at_tpr_90pct": 0.028985507246376812,
      "fpr_at_tpr_95pct": 0.10507246376811594,
      "brier_score": 0.050736040762256414,
      "expected_calibration_error": 0.06711049823752215,
      "ECE": 0.06711049823752215,
      "log_loss": 0.17855854651010378
    },
    {
      "model": "random_forest",
      "positive_class_rate": 0.864039408866995,
      "mean_ai_probability_human": 0.25574879227053143,
      "mean_ai_probability_ai": 0.9571512732801216,
      "auroc": 0.9895125840728438,
      "auprc": 0.9983144618269661,
      "accuracy": 0.9640394088669951,
      "balanced_accuracy": 0.8998107844595377,
      "precision": 0.9708683473389356,
      "recall": 0.9880273660205245,
      "tpr": 0.9880273660205245,
      "specificity": 0.8115942028985508,
      "tnr": 0.8115942028985508,
      "f1": 0.9793727041537157,
      "mcc": 0.8413015389807594,
      "fpr": 0.18840579710144928,
      "fnr": 0.011972633979475485,
      "tpr_at_fpr_1pct": 0.8683010262257697,
      "tpr_at_fpr_5pct": 0.9555302166476625,
      "tpr_at_fpr_10pct": 0.9749144811858609,
      "fpr_at_tpr_90pct": 0.018115942028985508,
      "fpr_at_tpr_95pct": 0.03985507246376811,
      "brier_score": 0.027825796387520526,
      "expected_calibration_error": 0.0270952380952382,
      "ECE": 0.0270952380952382,
      "log_loss": 0.10016456695100187
    }
  ]
}
