{
  "created_at": "2026-05-14T00:38:46.959625+00:00",
  "train_name": "train_hc3_plus",
  "best_model_name": "random_forest",
  "selection_metric": "auprc>auroc>f1",
  "n_train": 581,
  "n_dev": 63,
  "n_features": 276,
  "dev_metrics": {
    "model": "random_forest",
    "positive_class_rate": 0.6507936507936508,
    "mean_ai_probability_human": 0.21848484848484845,
    "mean_ai_probability_ai": 0.8330081300813007,
    "auroc": 0.9689578713968958,
    "auprc": 0.9809753671330955,
    "accuracy": 0.8888888888888888,
    "balanced_accuracy": 0.893569844789357,
    "precision": 0.9473684210526315,
    "recall": 0.8780487804878049,
    "tpr": 0.8780487804878049,
    "specificity": 0.9090909090909091,
    "tnr": 0.9090909090909091,
    "f1": 0.9113924050632911,
    "mcc": 0.7669963148205485,
    "fpr": 0.09090909090909091,
    "fnr": 0.12195121951219512,
    "tpr_at_fpr_1pct": 0.5609756097560976,
    "tpr_at_fpr_5pct": 0.8780487804878049,
    "tpr_at_fpr_10pct": 0.8780487804878049,
    "fpr_at_tpr_90pct": 0.13636363636363635,
    "fpr_at_tpr_95pct": 0.13636363636363635,
    "brier_score": 0.08082821869488538,
    "expected_calibration_error": 0.13873015873015865,
    "ECE": 0.13873015873015865,
    "log_loss": 0.26512478463398403
  },
  "candidate_dev_metrics": [
    {
      "model": "logistic_regression",
      "positive_class_rate": 0.6507936507936508,
      "mean_ai_probability_human": 0.09916857970530572,
      "mean_ai_probability_ai": 0.9079278804331034,
      "auroc": 0.9545454545454544,
      "auprc": 0.9743455737584001,
      "accuracy": 0.9365079365079365,
      "balanced_accuracy": 0.9406873614190687,
      "precision": 0.9743589743589743,
      "recall": 0.926829268292683,
      "tpr": 0.926829268292683,
      "specificity": 0.9545454545454546,
      "tnr": 0.9545454545454546,
      "f1": 0.95,
      "mcc": 0.8652187761576408,
      "fpr": 0.045454545454545456,
      "fnr": 0.07317073170731707,
      "tpr_at_fpr_1pct": 0.5121951219512195,
      "tpr_at_fpr_5pct": 0.926829268292683,
      "tpr_at_fpr_10pct": 0.926829268292683,
      "fpr_at_tpr_90pct": 0.045454545454545456,
      "fpr_at_tpr_95pct": 0.18181818181818182,
      "brier_score": 0.06844945641164872,
      "expected_calibration_error": 0.06449549235487714,
      "ECE": 0.06449549235487714,
      "log_loss": 0.3123777636855214
    },
    {
      "model": "random_forest",
      "positive_class_rate": 0.6507936507936508,
      "mean_ai_probability_human": 0.21848484848484845,
      "mean_ai_probability_ai": 0.8330081300813007,
      "auroc": 0.9689578713968958,
      "auprc": 0.9809753671330955,
      "accuracy": 0.8888888888888888,
      "balanced_accuracy": 0.893569844789357,
      "precision": 0.9473684210526315,
      "recall": 0.8780487804878049,
      "tpr": 0.8780487804878049,
      "specificity": 0.9090909090909091,
      "tnr": 0.9090909090909091,
      "f1": 0.9113924050632911,
      "mcc": 0.7669963148205485,
      "fpr": 0.09090909090909091,
      "fnr": 0.12195121951219512,
      "tpr_at_fpr_1pct": 0.5609756097560976,
      "tpr_at_fpr_5pct": 0.8780487804878049,
      "tpr_at_fpr_10pct": 0.8780487804878049,
      "fpr_at_tpr_90pct": 0.13636363636363635,
      "fpr_at_tpr_95pct": 0.13636363636363635,
      "brier_score": 0.08082821869488538,
      "expected_calibration_error": 0.13873015873015865,
      "ECE": 0.13873015873015865,
      "log_loss": 0.26512478463398403
    }
  ]
}
