{
  "created_at": "2026-05-14T00:48:26.042169+00:00",
  "train_variant": "m4_plus_hc3_balanced",
  "best_model_name": "random_forest",
  "n_train": 972,
  "n_dev": 2030,
  "n_features": 276,
  "dev_metrics": {
    "model": "random_forest",
    "positive_class_rate": 0.864039408866995,
    "mean_ai_probability_human": 0.1578502415458937,
    "mean_ai_probability_ai": 0.8104808057772711,
    "auroc": 0.9723922958703087,
    "auprc": 0.9953731111592117,
    "accuracy": 0.8832512315270936,
    "balanced_accuracy": 0.9095421644935799,
    "precision": 0.9903038138332256,
    "recall": 0.8734321550741163,
    "tpr": 0.8734321550741163,
    "specificity": 0.9456521739130435,
    "tnr": 0.9456521739130435,
    "f1": 0.9282035746743411,
    "mcc": 0.6592941622153008,
    "fpr": 0.05434782608695652,
    "fnr": 0.1265678449258837,
    "tpr_at_fpr_1pct": 0.6972633979475484,
    "tpr_at_fpr_5pct": 0.8318129988597491,
    "tpr_at_fpr_10pct": 0.9321550741163056,
    "fpr_at_tpr_90pct": 0.07246376811594203,
    "fpr_at_tpr_95pct": 0.11956521739130435,
    "brier_score": 0.08303266009852217,
    "expected_calibration_error": 0.14229064039408862,
    "ECE": 0.14229064039408862,
    "log_loss": 0.268967953086082
  },
  "candidate_dev_metrics": [
    {
      "model": "logistic_regression",
      "positive_class_rate": 0.864039408866995,
      "mean_ai_probability_human": 0.13673623536473584,
      "mean_ai_probability_ai": 0.8740994587606927,
      "auroc": 0.9610207723960141,
      "auprc": 0.9936135281473225,
      "accuracy": 0.8995073891625616,
      "balanced_accuracy": 0.9052104506469684,
      "precision": 0.9849812265331664,
      "recall": 0.8973774230330672,
      "tpr": 0.8973774230330672,
      "specificity": 0.9130434782608695,
      "tnr": 0.9130434782608695,
      "f1": 0.9391408114558473,
      "mcc": 0.6786560231998798,
      "fpr": 0.08695652173913043,
      "fnr": 0.10262257696693272,
      "tpr_at_fpr_1pct": 0.7086659064994298,
      "tpr_at_fpr_5pct": 0.863169897377423,
      "tpr_at_fpr_10pct": 0.9082098061573546,
      "fpr_at_tpr_90pct": 0.08695652173913043,
      "fpr_at_tpr_95pct": 0.22826086956521738,
      "brier_score": 0.07529528314609046,
      "expected_calibration_error": 0.09019228983895457,
      "ECE": 0.09019228983895457,
      "log_loss": 0.28058315025399627
    },
    {
      "model": "random_forest",
      "positive_class_rate": 0.864039408866995,
      "mean_ai_probability_human": 0.1578502415458937,
      "mean_ai_probability_ai": 0.8104808057772711,
      "auroc": 0.9723922958703087,
      "auprc": 0.9953731111592117,
      "accuracy": 0.8832512315270936,
      "balanced_accuracy": 0.9095421644935799,
      "precision": 0.9903038138332256,
      "recall": 0.8734321550741163,
      "tpr": 0.8734321550741163,
      "specificity": 0.9456521739130435,
      "tnr": 0.9456521739130435,
      "f1": 0.9282035746743411,
      "mcc": 0.6592941622153008,
      "fpr": 0.05434782608695652,
      "fnr": 0.1265678449258837,
      "tpr_at_fpr_1pct": 0.6972633979475484,
      "tpr_at_fpr_5pct": 0.8318129988597491,
      "tpr_at_fpr_10pct": 0.9321550741163056,
      "fpr_at_tpr_90pct": 0.07246376811594203,
      "fpr_at_tpr_95pct": 0.11956521739130435,
      "brier_score": 0.08303266009852217,
      "expected_calibration_error": 0.14229064039408862,
      "ECE": 0.14229064039408862,
      "log_loss": 0.268967953086082
    }
  ]
}
