{
  "created_at": "2026-05-14T00:38:56.689095+00:00",
  "train_name": "train_balanced_combined_strict",
  "best_model_name": "random_forest",
  "selection_metric": "auprc>auroc>f1",
  "n_train": 1458,
  "n_dev": 2701,
  "n_features": 276,
  "dev_metrics": {
    "model": "random_forest",
    "positive_class_rate": 0.7997038134024436,
    "mean_ai_probability_human": 0.15324707332101048,
    "mean_ai_probability_ai": 0.8173395061728396,
    "auroc": 0.9712432395426851,
    "auprc": 0.9926212796119215,
    "accuracy": 0.8930025916327287,
    "balanced_accuracy": 0.9150907955090025,
    "precision": 0.9864794591783671,
    "recall": 0.8782407407407408,
    "tpr": 0.8782407407407408,
    "specificity": 0.9519408502772643,
    "tnr": 0.9519408502772643,
    "f1": 0.9292187117315699,
    "mcc": 0.7337010934916597,
    "fpr": 0.04805914972273567,
    "fnr": 0.12175925925925926,
    "tpr_at_fpr_1pct": 0.6935185185185185,
    "tpr_at_fpr_5pct": 0.8819444444444444,
    "tpr_at_fpr_10pct": 0.9273148148148148,
    "fpr_at_tpr_90pct": 0.06469500924214418,
    "fpr_at_tpr_95pct": 0.1534195933456562,
    "brier_score": 0.08027294417705377,
    "expected_calibration_error": 0.11537948907811921,
    "ECE": 0.11537948907811921,
    "log_loss": 0.26026272379549087
  },
  "candidate_dev_metrics": [
    {
      "model": "logistic_regression",
      "positive_class_rate": 0.7997038134024436,
      "mean_ai_probability_human": 0.11689885836906672,
      "mean_ai_probability_ai": 0.8664657260276317,
      "auroc": 0.9590136578352846,
      "auprc": 0.9897919873374366,
      "accuracy": 0.897815623843021,
      "balanced_accuracy": 0.9125581912781543,
      "precision": 0.9825819672131147,
      "recall": 0.887962962962963,
      "tpr": 0.887962962962963,
      "specificity": 0.9371534195933456,
      "tnr": 0.9371534195933456,
      "f1": 0.9328793774319066,
      "mcc": 0.7376662309158661,
      "fpr": 0.06284658040665435,
      "fnr": 0.11203703703703703,
      "tpr_at_fpr_1pct": 0.7425925925925926,
      "tpr_at_fpr_5pct": 0.8722222222222222,
      "tpr_at_fpr_10pct": 0.9138888888888889,
      "fpr_at_tpr_90pct": 0.07948243992606285,
      "fpr_at_tpr_95pct": 0.25693160813308685,
      "brier_score": 0.07965823129432784,
      "expected_calibration_error": 0.08337347256669775,
      "ECE": 0.08337347256669775,
      "log_loss": 0.3207900663927115
    },
    {
      "model": "random_forest",
      "positive_class_rate": 0.7997038134024436,
      "mean_ai_probability_human": 0.15324707332101048,
      "mean_ai_probability_ai": 0.8173395061728396,
      "auroc": 0.9712432395426851,
      "auprc": 0.9926212796119215,
      "accuracy": 0.8930025916327287,
      "balanced_accuracy": 0.9150907955090025,
      "precision": 0.9864794591783671,
      "recall": 0.8782407407407408,
      "tpr": 0.8782407407407408,
      "specificity": 0.9519408502772643,
      "tnr": 0.9519408502772643,
      "f1": 0.9292187117315699,
      "mcc": 0.7337010934916597,
      "fpr": 0.04805914972273567,
      "fnr": 0.12175925925925926,
      "tpr_at_fpr_1pct": 0.6935185185185185,
      "tpr_at_fpr_5pct": 0.8819444444444444,
      "tpr_at_fpr_10pct": 0.9273148148148148,
      "fpr_at_tpr_90pct": 0.06469500924214418,
      "fpr_at_tpr_95pct": 0.1534195933456562,
      "brier_score": 0.08027294417705377,
      "expected_calibration_error": 0.11537948907811921,
      "ECE": 0.11537948907811921,
      "log_loss": 0.26026272379549087
    }
  ]
}
