{
  "created_at": "2026-05-14T00:38:39.216630+00:00",
  "train_name": "train_ghostbuster",
  "best_model_name": "random_forest",
  "selection_metric": "auprc>auroc>f1",
  "n_train": 5295,
  "n_dev": 671,
  "n_features": 276,
  "dev_metrics": {
    "model": "random_forest",
    "positive_class_rate": 0.6050670640834576,
    "mean_ai_probability_human": 0.08513207547169813,
    "mean_ai_probability_ai": 0.9393842364532019,
    "auroc": 0.9985454038479412,
    "auprc": 0.9990526680041848,
    "accuracy": 0.9836065573770492,
    "balanced_accuracy": 0.9838321405335069,
    "precision": 0.9900744416873449,
    "recall": 0.9827586206896551,
    "tpr": 0.9827586206896551,
    "specificity": 0.9849056603773585,
    "tnr": 0.9849056603773585,
    "f1": 0.9864029666254636,
    "mcc": 0.9658078791906586,
    "fpr": 0.01509433962264151,
    "fnr": 0.017241379310344827,
    "tpr_at_fpr_1pct": 0.9802955665024631,
    "tpr_at_fpr_5pct": 0.9901477832512315,
    "tpr_at_fpr_10pct": 1.0,
    "fpr_at_tpr_90pct": 0.0,
    "fpr_at_tpr_95pct": 0.0037735849056603774,
    "brier_score": 0.02010112601424077,
    "expected_calibration_error": 0.04982116244411326,
    "ECE": 0.04982116244411326,
    "log_loss": 0.08531429747592174
  },
  "candidate_dev_metrics": [
    {
      "model": "logistic_regression",
      "positive_class_rate": 0.6050670640834576,
      "mean_ai_probability_human": 0.01949490507817623,
      "mean_ai_probability_ai": 0.9749269874741252,
      "auroc": 0.9984664002230691,
      "auprc": 0.999048942978479,
      "accuracy": 0.9850968703427719,
      "balanced_accuracy": 0.985718932986337,
      "precision": 0.9925373134328358,
      "recall": 0.9827586206896551,
      "tpr": 0.9827586206896551,
      "specificity": 0.9886792452830189,
      "tnr": 0.9886792452830189,
      "f1": 0.9876237623762376,
      "mcc": 0.9689733109766561,
      "fpr": 0.011320754716981131,
      "fnr": 0.017241379310344827,
      "tpr_at_fpr_1pct": 0.9827586206896551,
      "tpr_at_fpr_5pct": 0.9926108374384236,
      "tpr_at_fpr_10pct": 0.9926108374384236,
      "fpr_at_tpr_90pct": 0.0,
      "fpr_at_tpr_95pct": 0.0037735849056603774,
      "brier_score": 0.012908614942808575,
      "expected_calibration_error": 0.01035381301175635,
      "ECE": 0.01035381301175635,
      "log_loss": 0.04999672166336656
    },
    {
      "model": "random_forest",
      "positive_class_rate": 0.6050670640834576,
      "mean_ai_probability_human": 0.08513207547169813,
      "mean_ai_probability_ai": 0.9393842364532019,
      "auroc": 0.9985454038479412,
      "auprc": 0.9990526680041848,
      "accuracy": 0.9836065573770492,
      "balanced_accuracy": 0.9838321405335069,
      "precision": 0.9900744416873449,
      "recall": 0.9827586206896551,
      "tpr": 0.9827586206896551,
      "specificity": 0.9849056603773585,
      "tnr": 0.9849056603773585,
      "f1": 0.9864029666254636,
      "mcc": 0.9658078791906586,
      "fpr": 0.01509433962264151,
      "fnr": 0.017241379310344827,
      "tpr_at_fpr_1pct": 0.9802955665024631,
      "tpr_at_fpr_5pct": 0.9901477832512315,
      "tpr_at_fpr_10pct": 1.0,
      "fpr_at_tpr_90pct": 0.0,
      "fpr_at_tpr_95pct": 0.0037735849056603774,
      "brier_score": 0.02010112601424077,
      "expected_calibration_error": 0.04982116244411326,
      "ECE": 0.04982116244411326,
      "log_loss": 0.08531429747592174
    }
  ]
}
