{
  "created_at": "2026-05-14T00:48:19.516515+00:00",
  "train_variant": "m4_generator_balanced",
  "best_model_name": "random_forest",
  "n_train": 306,
  "n_dev": 1967,
  "n_features": 276,
  "dev_metrics": {
    "model": "random_forest",
    "positive_class_rate": 0.8708693441789527,
    "mean_ai_probability_human": 0.45110236220472444,
    "mean_ai_probability_ai": 0.9372173574625414,
    "auroc": 0.9695082992034052,
    "auprc": 0.995361298195939,
    "accuracy": 0.9298423995932893,
    "balanced_accuracy": 0.7819982440898916,
    "precision": 0.9406827084499161,
    "recall": 0.9813193228254524,
    "tpr": 0.9813193228254524,
    "specificity": 0.5826771653543307,
    "tnr": 0.5826771653543307,
    "f1": 0.9605714285714285,
    "mcc": 0.6559540393305974,
    "fpr": 0.41732283464566927,
    "fnr": 0.018680677174547577,
    "tpr_at_fpr_1pct": 0.7396380618797431,
    "tpr_at_fpr_5pct": 0.8453006421482778,
    "tpr_at_fpr_10pct": 0.9159369527145359,
    "fpr_at_tpr_90pct": 0.08267716535433071,
    "fpr_at_tpr_95pct": 0.16535433070866143,
    "brier_score": 0.048131231994577195,
    "expected_calibration_error": 0.03594983901033726,
    "ECE": 0.03594983901033726,
    "log_loss": 0.16281094687505923
  },
  "candidate_dev_metrics": [
    {
      "model": "logistic_regression",
      "positive_class_rate": 0.8708693441789527,
      "mean_ai_probability_human": 0.2178463012403909,
      "mean_ai_probability_ai": 0.9193639905764341,
      "auroc": 0.9524548266843178,
      "auprc": 0.9926875623811793,
      "accuracy": 0.9150991357397051,
      "balanced_accuracy": 0.8691008085460421,
      "precision": 0.9701946472019465,
      "recall": 0.9311150029188558,
      "tpr": 0.9311150029188558,
      "specificity": 0.8070866141732284,
      "tnr": 0.8070866141732284,
      "f1": 0.9502532022639262,
      "mcc": 0.6682182985806714,
      "fpr": 0.19291338582677164,
      "fnr": 0.06888499708114419,
      "tpr_at_fpr_1pct": 0.6853473438412142,
      "tpr_at_fpr_5pct": 0.8242848803269118,
      "tpr_at_fpr_10pct": 0.8686514886164624,
      "fpr_at_tpr_90pct": 0.1377952755905512,
      "fpr_at_tpr_95pct": 0.2637795275590551,
      "brier_score": 0.06791796197527122,
      "expected_calibration_error": 0.056034839447008905,
      "ECE": 0.056034839447008905,
      "log_loss": 0.3349930167480362
    },
    {
      "model": "random_forest",
      "positive_class_rate": 0.8708693441789527,
      "mean_ai_probability_human": 0.45110236220472444,
      "mean_ai_probability_ai": 0.9372173574625414,
      "auroc": 0.9695082992034052,
      "auprc": 0.995361298195939,
      "accuracy": 0.9298423995932893,
      "balanced_accuracy": 0.7819982440898916,
      "precision": 0.9406827084499161,
      "recall": 0.9813193228254524,
      "tpr": 0.9813193228254524,
      "specificity": 0.5826771653543307,
      "tnr": 0.5826771653543307,
      "f1": 0.9605714285714285,
      "mcc": 0.6559540393305974,
      "fpr": 0.41732283464566927,
      "fnr": 0.018680677174547577,
      "tpr_at_fpr_1pct": 0.7396380618797431,
      "tpr_at_fpr_5pct": 0.8453006421482778,
      "tpr_at_fpr_10pct": 0.9159369527145359,
      "fpr_at_tpr_90pct": 0.08267716535433071,
      "fpr_at_tpr_95pct": 0.16535433070866143,
      "brier_score": 0.048131231994577195,
      "expected_calibration_error": 0.03594983901033726,
      "ECE": 0.03594983901033726,
      "log_loss": 0.16281094687505923
    }
  ]
}
