{
  "created_at": "2026-05-14T00:48:18.339701+00:00",
  "train_variant": "m4_domain_balanced",
  "best_model_name": "logistic_regression",
  "n_train": 462,
  "n_dev": 1967,
  "n_features": 276,
  "dev_metrics": {
    "model": "logistic_regression",
    "positive_class_rate": 0.8708693441789527,
    "mean_ai_probability_human": 0.183414325015193,
    "mean_ai_probability_ai": 0.9301622160013281,
    "auroc": 0.9659528110649916,
    "auprc": 0.9949406151287591,
    "accuracy": 0.9232333502796136,
    "balanced_accuracy": 0.8838306879766124,
    "precision": 0.9739077669902912,
    "recall": 0.9369527145359019,
    "tpr": 0.9369527145359019,
    "specificity": 0.8307086614173228,
    "tnr": 0.8307086614173228,
    "f1": 0.9550728949717346,
    "mcc": 0.6983791814997435,
    "fpr": 0.16929133858267717,
    "fnr": 0.06304728546409807,
    "tpr_at_fpr_1pct": 0.7968476357267951,
    "tpr_at_fpr_5pct": 0.8680677174547577,
    "tpr_at_fpr_10pct": 0.9036777583187391,
    "fpr_at_tpr_90pct": 0.0984251968503937,
    "fpr_at_tpr_95pct": 0.2047244094488189,
    "brier_score": 0.0617162569366417,
    "expected_calibration_error": 0.052387617685087186,
    "ECE": 0.052387617685087186,
    "log_loss": 0.2503433473484404
  },
  "candidate_dev_metrics": [
    {
      "model": "logistic_regression",
      "positive_class_rate": 0.8708693441789527,
      "mean_ai_probability_human": 0.183414325015193,
      "mean_ai_probability_ai": 0.9301622160013281,
      "auroc": 0.9659528110649916,
      "auprc": 0.9949406151287591,
      "accuracy": 0.9232333502796136,
      "balanced_accuracy": 0.8838306879766124,
      "precision": 0.9739077669902912,
      "recall": 0.9369527145359019,
      "tpr": 0.9369527145359019,
      "specificity": 0.8307086614173228,
      "tnr": 0.8307086614173228,
      "f1": 0.9550728949717346,
      "mcc": 0.6983791814997435,
      "fpr": 0.16929133858267717,
      "fnr": 0.06304728546409807,
      "tpr_at_fpr_1pct": 0.7968476357267951,
      "tpr_at_fpr_5pct": 0.8680677174547577,
      "tpr_at_fpr_10pct": 0.9036777583187391,
      "fpr_at_tpr_90pct": 0.0984251968503937,
      "fpr_at_tpr_95pct": 0.2047244094488189,
      "brier_score": 0.0617162569366417,
      "expected_calibration_error": 0.052387617685087186,
      "ECE": 0.052387617685087186,
      "log_loss": 0.2503433473484404
    },
    {
      "model": "random_forest",
      "positive_class_rate": 0.8708693441789527,
      "mean_ai_probability_human": 0.40275590551181106,
      "mean_ai_probability_ai": 0.936540182914964,
      "auroc": 0.9548002537336073,
      "auprc": 0.9928635531347911,
      "accuracy": 0.9217081850533808,
      "balanced_accuracy": 0.8041539684947437,
      "precision": 0.9482461184588844,
      "recall": 0.9626386456509048,
      "tpr": 0.9626386456509048,
      "specificity": 0.6456692913385826,
      "tnr": 0.6456692913385826,
      "f1": 0.955388180764774,
      "mcc": 0.6372382089596927,
      "fpr": 0.3543307086614173,
      "fnr": 0.037361354349095155,
      "tpr_at_fpr_1pct": 0.5919439579684763,
      "tpr_at_fpr_5pct": 0.8114419147694104,
      "tpr_at_fpr_10pct": 0.8756567425569177,
      "fpr_at_tpr_90pct": 0.13385826771653545,
      "fpr_at_tpr_95pct": 0.28346456692913385,
      "brier_score": 0.05404957351861266,
      "expected_calibration_error": 0.008869683104558568,
      "ECE": 0.008869683104558568,
      "log_loss": 0.17349184411562937
    }
  ]
}
