{
  "created_at": "2026-05-14T00:48:21.123645+00:00",
  "train_variant": "m4_label_balanced",
  "best_model_name": "random_forest",
  "n_train": 4256,
  "n_dev": 1967,
  "n_features": 276,
  "dev_metrics": {
    "model": "random_forest",
    "positive_class_rate": 0.8708693441789527,
    "mean_ai_probability_human": 0.09996062992125983,
    "mean_ai_probability_ai": 0.8885814360770578,
    "auroc": 0.9907067768017616,
    "auprc": 0.9986158651180213,
    "accuracy": 0.9461108286731063,
    "balanced_accuracy": 0.9556471815804111,
    "precision": 0.9950708564386938,
    "recall": 0.9427904261529481,
    "tpr": 0.9427904261529481,
    "specificity": 0.968503937007874,
    "tnr": 0.968503937007874,
    "f1": 0.9682254196642686,
    "mcc": 0.8044809092689469,
    "fpr": 0.031496062992125984,
    "fnr": 0.057209573847051956,
    "tpr_at_fpr_1pct": 0.8908347927612376,
    "tpr_at_fpr_5pct": 0.9591360186806772,
    "tpr_at_fpr_10pct": 0.9708114419147694,
    "fpr_at_tpr_90pct": 0.011811023622047244,
    "fpr_at_tpr_95pct": 0.03543307086614173,
    "brier_score": 0.04401349488787211,
    "expected_calibration_error": 0.08412302999491605,
    "ECE": 0.08412302999491605,
    "log_loss": 0.15772323311227665
  },
  "candidate_dev_metrics": [
    {
      "model": "logistic_regression",
      "positive_class_rate": 0.8708693441789527,
      "mean_ai_probability_human": 0.08320695596973283,
      "mean_ai_probability_ai": 0.9147621414765672,
      "auroc": 0.9860078786123714,
      "auprc": 0.9979703762430618,
      "accuracy": 0.9395017793594306,
      "balanced_accuracy": 0.9484994323170199,
      "precision": 0.9938042131350682,
      "recall": 0.9363689433741973,
      "tpr": 0.9363689433741973,
      "specificity": 0.9606299212598425,
      "tnr": 0.9606299212598425,
      "f1": 0.9642320408776676,
      "mcc": 0.783877710054715,
      "fpr": 0.03937007874015748,
      "fnr": 0.06363105662580268,
      "tpr_at_fpr_1pct": 0.8779918272037361,
      "tpr_at_fpr_5pct": 0.9433741973146527,
      "tpr_at_fpr_10pct": 0.9585522475189726,
      "fpr_at_tpr_90pct": 0.015748031496062992,
      "fpr_at_tpr_95pct": 0.06692913385826772,
      "brier_score": 0.04676994615626043,
      "expected_calibration_error": 0.06348646915827566,
      "ECE": 0.06348646915827566,
      "log_loss": 0.17911315102472947
    },
    {
      "model": "random_forest",
      "positive_class_rate": 0.8708693441789527,
      "mean_ai_probability_human": 0.09996062992125983,
      "mean_ai_probability_ai": 0.8885814360770578,
      "auroc": 0.9907067768017616,
      "auprc": 0.9986158651180213,
      "accuracy": 0.9461108286731063,
      "balanced_accuracy": 0.9556471815804111,
      "precision": 0.9950708564386938,
      "recall": 0.9427904261529481,
      "tpr": 0.9427904261529481,
      "specificity": 0.968503937007874,
      "tnr": 0.968503937007874,
      "f1": 0.9682254196642686,
      "mcc": 0.8044809092689469,
      "fpr": 0.031496062992125984,
      "fnr": 0.057209573847051956,
      "tpr_at_fpr_1pct": 0.8908347927612376,
      "tpr_at_fpr_5pct": 0.9591360186806772,
      "tpr_at_fpr_10pct": 0.9708114419147694,
      "fpr_at_tpr_90pct": 0.011811023622047244,
      "fpr_at_tpr_95pct": 0.03543307086614173,
      "brier_score": 0.04401349488787211,
      "expected_calibration_error": 0.08412302999491605,
      "ECE": 0.08412302999491605,
      "log_loss": 0.15772323311227665
    }
  ]
}
