{
  "created_at": "2026-05-14T00:48:29.430128+00:00",
  "train_variant": "m4_plus_hc3_without_extreme_domains",
  "best_model_name": "random_forest",
  "n_train": 15416,
  "n_dev": 2030,
  "n_features": 276,
  "dev_metrics": {
    "model": "random_forest",
    "positive_class_rate": 0.864039408866995,
    "mean_ai_probability_human": 0.25710144927536227,
    "mean_ai_probability_ai": 0.957411630558723,
    "auroc": 0.9886780526498439,
    "auprc": 0.9981693438516585,
    "accuracy": 0.9640394088669951,
    "balanced_accuracy": 0.9043903789268422,
    "precision": 0.9724564362001125,
    "recall": 0.9863169897377423,
    "tpr": 0.9863169897377423,
    "specificity": 0.822463768115942,
    "tnr": 0.822463768115942,
    "f1": 0.9793376733654118,
    "mcc": 0.8421225772824225,
    "fpr": 0.17753623188405798,
    "fnr": 0.013683010262257697,
    "tpr_at_fpr_1pct": 0.8272519954389966,
    "tpr_at_fpr_5pct": 0.9492588369441277,
    "tpr_at_fpr_10pct": 0.9743443557582668,
    "fpr_at_tpr_90pct": 0.025362318840579712,
    "fpr_at_tpr_95pct": 0.050724637681159424,
    "brier_score": 0.02826678708264915,
    "expected_calibration_error": 0.025343185550082064,
    "ECE": 0.025343185550082064,
    "log_loss": 0.1010545853591136
  },
  "candidate_dev_metrics": [
    {
      "model": "logistic_regression",
      "positive_class_rate": 0.864039408866995,
      "mean_ai_probability_human": 0.09512011010517195,
      "mean_ai_probability_ai": 0.9130240648691925,
      "auroc": 0.9791098606910912,
      "auprc": 0.9960267573155649,
      "accuracy": 0.9330049261083744,
      "balanced_accuracy": 0.9398600300761819,
      "precision": 0.991494532199271,
      "recall": 0.9304446978335233,
      "tpr": 0.9304446978335233,
      "specificity": 0.9492753623188406,
      "tnr": 0.9492753623188406,
      "f1": 0.96,
      "mcc": 0.7698981980730799,
      "fpr": 0.050724637681159424,
      "fnr": 0.06955530216647662,
      "tpr_at_fpr_1pct": 0.56442417331813,
      "tpr_at_fpr_5pct": 0.9264538198403649,
      "tpr_at_fpr_10pct": 0.9578107183580388,
      "fpr_at_tpr_90pct": 0.028985507246376812,
      "fpr_at_tpr_95pct": 0.07971014492753623,
      "brier_score": 0.04944388041772019,
      "expected_calibration_error": 0.062218049177541396,
      "ECE": 0.062218049177541396,
      "log_loss": 0.1799010492292957
    },
    {
      "model": "random_forest",
      "positive_class_rate": 0.864039408866995,
      "mean_ai_probability_human": 0.25710144927536227,
      "mean_ai_probability_ai": 0.957411630558723,
      "auroc": 0.9886780526498439,
      "auprc": 0.9981693438516585,
      "accuracy": 0.9640394088669951,
      "balanced_accuracy": 0.9043903789268422,
      "precision": 0.9724564362001125,
      "recall": 0.9863169897377423,
      "tpr": 0.9863169897377423,
      "specificity": 0.822463768115942,
      "tnr": 0.822463768115942,
      "f1": 0.9793376733654118,
      "mcc": 0.8421225772824225,
      "fpr": 0.17753623188405798,
      "fnr": 0.013683010262257697,
      "tpr_at_fpr_1pct": 0.8272519954389966,
      "tpr_at_fpr_5pct": 0.9492588369441277,
      "tpr_at_fpr_10pct": 0.9743443557582668,
      "fpr_at_tpr_90pct": 0.025362318840579712,
      "fpr_at_tpr_95pct": 0.050724637681159424,
      "brier_score": 0.02826678708264915,
      "expected_calibration_error": 0.025343185550082064,
      "ECE": 0.025343185550082064,
      "log_loss": 0.1010545853591136
    }
  ]
}
