train_set,basic_auroc,full_allfeatures_auroc,delta_auroc,basic_auprc,full_allfeatures_auprc,delta_auprc,basic_f1,full_allfeatures_f1,delta_f1,basic_tpr_at_fpr_1pct,full_allfeatures_tpr_at_fpr_1pct,delta_tpr_at_fpr_1pct,basic_ece,full_allfeatures_ece,delta_ece
ghostbuster,0.5636666666666666,0.2593111111111111,-0.30435555555555555,0.5690155166053561,0.3694833768228612,-0.1995321397824949,0.2617801047120419,0.0412371134020618,-0.2205429913099801,0.0266666666666666,0.0066666666666666,-0.019999999999999997,0.1621999999999999,0.4277666666666666,0.2655666666666667
m4,0.4928222222222222,0.6134888888888889,0.12066666666666664,0.5081754700823505,0.5950965502994728,0.0869210802171223,0.6666666666666666,0.6666666666666666,0.0,0.0,0.0066666666666666,0.0066666666666666,0.4648444444444445,0.4337333333333333,-0.0311111111111112
hc3_plus,0.5381777777777778,0.5877111111111112,0.04953333333333343,0.5281053592697251,0.5795495967204087,0.051444237450683605,0.5194805194805194,0.16,-0.3594805194805194,0.0066666666666666,0.0333333333333333,0.0266666666666667,0.2556579828221846,0.2452333333333333,-0.0104246494888513
combined_public,0.5439777777777778,0.6199111111111112,0.07593333333333341,0.5325906733935075,0.6057719594173214,0.07318128602381391,0.6304347826086957,0.609271523178808,-0.021163259429887726,0.0,0.02,0.02,0.1629888888888888,0.0462222222222222,-0.1167666666666666
