train_set,n_train_total,n_train_human,n_train_ai,n_features,best_model,auroc,auprc,f1,tpr_at_fpr_1pct,tpr_at_fpr_5pct,fpr_at_tpr_95pct,ece,brier_score,external_test_rows
ghostbuster,6636,2733,3903,44,random_forest,0.5636666666666666,0.5690155166053561,0.2617801047120419,0.0266666666666666,0.0866666666666666,0.8533333333333334,0.1621999999999999,0.2765126666666667,300
m4,19555,2679,16876,44,random_forest,0.4928222222222222,0.5081754700823505,0.6666666666666666,0.0,0.0,0.98,0.4648444444444445,0.4725555555555556,300
hc3_plus,910,370,540,44,logistic_regression,0.5381777777777778,0.5281053592697251,0.5194805194805194,0.0066666666666666,0.0466666666666666,0.9133333333333332,0.2556579828221846,0.3224442999208251,300
combined_public,27101,5782,21319,44,random_forest,0.5439777777777778,0.5325906733935075,0.6304347826086957,0.0,0.0533333333333333,0.9466666666666668,0.1629888888888888,0.286774037037037,300
